<?xml version="1.0" encoding="UTF-8"?>
<project-private xmlns="http://www.netbeans.org/ns/project-private/1">
    <editor-bookmarks xmlns="http://www.netbeans.org/ns/editor-bookmarks/2" lastBookmarkId="0"/>
    <open-files xmlns="http://www.netbeans.org/ns/projectui-open-files/2">
        <group>
            <file>file:/C:/Users/ASUS/OneDrive/Documentos/NetBeansProjects/Programacion/src/Modelo/ModeloProducto.java</file>
            <file>file:/C:/Users/ASUS/OneDrive/Documentos/NetBeansProjects/Programacion/src/Modelo/ModeloFactura.java</file>
            <file>file:/C:/Users/ASUS/OneDrive/Documentos/NetBeansProjects/Programacion/src/Vista/Factura.java</file>
            <file>file:/C:/Users/ASUS/OneDrive/Documentos/NetBeansProjects/Programacion/src/Modelo/Persona.java</file>
            <file>file:/C:/Users/ASUS/OneDrive/Documentos/NetBeansProjects/Programacion/src/Vista/VistaPersonas.java</file>
            <file>file:/C:/Users/ASUS/OneDrive/Documentos/NetBeansProjects/Programacion/src/Controlador/ControladorProducto.java</file>
            <file>file:/C:/Users/ASUS/OneDrive/Documentos/NetBeansProjects/Programacion/src/Modelo/ConexionPostgres.java</file>
            <file>file:/C:/Users/ASUS/OneDrive/Documentos/NetBeansProjects/Programacion/src/Controlador/ControladorFactura.java</file>
            <file>file:/C:/Users/ASUS/OneDrive/Documentos/NetBeansProjects/Programacion/src/Controlador/ControladorPersona.java</file>
            <file>file:/C:/Users/ASUS/OneDrive/Documentos/NetBeansProjects/Programacion/src/Modelo/ModeloPersona.java</file>
            <file>file:/C:/Users/ASUS/OneDrive/Documentos/NetBeansProjects/Programacion/src/Clases/main.java</file>
            <file>file:/C:/Users/ASUS/OneDrive/Documentos/NetBeansProjects/Programacion/src/Controlador/ControladorPrincipal.java</file>
            <file>file:/C:/Users/ASUS/OneDrive/Documentos/NetBeansProjects/Programacion/src/Modelo/EncabezadoFac.java</file>
        </group>
    </open-files>
</project-private>
